-- MySQL dump 10.13  Distrib 8.0.31, for Win64 (x86_64)
--
-- Host: db-lecti.mysql.database.azure.com    Database: lecti
-- ------------------------------------------------------
-- Server version	8.0.36-cluster

/*!40101 SET @OLD_CHARACTER_SET_CLIENT=@@CHARACTER_SET_CLIENT */;
/*!40101 SET @OLD_CHARACTER_SET_RESULTS=@@CHARACTER_SET_RESULTS */;
/*!40101 SET @OLD_COLLATION_CONNECTION=@@COLLATION_CONNECTION */;
/*!50503 SET NAMES utf8 */;
/*!40103 SET @OLD_TIME_ZONE=@@TIME_ZONE */;
/*!40103 SET TIME_ZONE='+00:00' */;
/*!40014 SET @OLD_UNIQUE_CHECKS=@@UNIQUE_CHECKS, UNIQUE_CHECKS=0 */;
/*!40014 SET @OLD_FOREIGN_KEY_CHECKS=@@FOREIGN_KEY_CHECKS, FOREIGN_KEY_CHECKS=0 */;
/*!40101 SET @OLD_SQL_MODE=@@SQL_MODE, SQL_MODE='NO_AUTO_VALUE_ON_ZERO' */;
/*!40111 SET @OLD_SQL_NOTES=@@SQL_NOTES, SQL_NOTES=0 */;

--
-- Table structure for table `apple`
--

DROP TABLE IF EXISTS `apple`;
/*!40101 SET @saved_cs_client     = @@character_set_client */;
/*!50503 SET character_set_client = utf8mb4 */;
CREATE TABLE `apple` (
  `id` int NOT NULL AUTO_INCREMENT,
  `name` varchar(40) NOT NULL,
  `module_id` int DEFAULT NULL,
  `index` int unsigned DEFAULT NULL,
  `apple_type` enum('NO_IA','VOICE_IA','IMAGE_IA','RECOMMENDED_MODULE') DEFAULT 'NO_IA',
  PRIMARY KEY (`id`),
  UNIQUE KEY `order_on_module` (`module_id`,`index`),
  KEY `module_id` (`module_id`),
  CONSTRAINT `apple_ibfk_1` FOREIGN KEY (`module_id`) REFERENCES `module` (`id`)
) ENGINE=InnoDB AUTO_INCREMENT=59 DEFAULT CHARSET=utf8mb4 COLLATE=utf8mb4_0900_ai_ci;
/*!40101 SET character_set_client = @saved_cs_client */;

--
-- Dumping data for table `apple`
--

LOCK TABLES `apple` WRITE;
/*!40000 ALTER TABLE `apple` DISABLE KEYS */;
INSERT INTO `apple` VALUES (1,'A',1,1,'NO_IA'),(2,'E',1,2,'NO_IA'),(3,'I',1,4,'NO_IA'),(4,'O',1,6,'NO_IA'),(5,'U',1,8,'NO_IA'),(6,'M',1,10,'NO_IA'),(7,'P',1,12,'NO_IA'),(8,'B',1,14,'NO_IA'),(9,'S',1,16,'NO_IA'),(10,'L',1,17,'NO_IA'),(11,'D',1,18,'NO_IA'),(12,'N',1,19,'NO_IA'),(13,'R',1,20,'NO_IA'),(14,'RR',1,21,'NO_IA'),(15,'T',1,22,'NO_IA'),(16,'Y',1,23,'NO_IA'),(17,'LL',1,24,'NO_IA'),(18,'H',1,25,'NO_IA'),(19,'F',1,26,'NO_IA'),(20,'Z',1,27,'NO_IA'),(21,'K',1,28,'NO_IA'),(22,'C',1,29,'NO_IA'),(23,'J',1,30,'NO_IA'),(24,'G',1,31,'NO_IA'),(25,'V',1,32,'NO_IA'),(26,'Q',1,33,'NO_IA'),(27,'Ñ',1,34,'NO_IA'),(28,'CH',1,35,'NO_IA'),(29,'X',1,36,'NO_IA'),(30,'GUI',1,37,'NO_IA'),(31,'BL',2,1,'NO_IA'),(32,'BR',2,3,'NO_IA'),(33,'CL',2,4,'NO_IA'),(34,'CR',2,5,'NO_IA'),(35,'DR',2,6,'NO_IA'),(36,'FL',2,7,'NO_IA'),(37,'FR',2,8,'NO_IA'),(38,'GL',2,9,'NO_IA'),(39,'GR',2,10,'NO_IA'),(40,'PL',2,11,'NO_IA'),(41,'PR',2,12,'NO_IA'),(42,'TR',2,13,'NO_IA'),(43,'TL',2,14,'NO_IA'),(44,'1',3,1,'NO_IA'),(45,'2',3,2,'NO_IA'),(46,'3',3,3,'NO_IA'),(47,'TEST',NULL,NULL,'RECOMMENDED_MODULE'),(50,'I',1,NULL,'VOICE_IA'),(51,'O',1,NULL,'VOICE_IA'),(52,'U',1,NULL,'VOICE_IA'),(54,'BL',2,2,'VOICE_IA'),(58,'coso',2,0,'NO_IA');
/*!40000 ALTER TABLE `apple` ENABLE KEYS */;
UNLOCK TABLES;

--
-- Table structure for table `avatar`
--

DROP TABLE IF EXISTS `avatar`;
/*!40101 SET @saved_cs_client     = @@character_set_client */;
/*!50503 SET character_set_client = utf8mb4 */;
CREATE TABLE `avatar` (
  `id` int NOT NULL AUTO_INCREMENT,
  `avatar_name` varchar(40) NOT NULL,
  `url` varchar(50) DEFAULT NULL,
  `value` int NOT NULL,
  PRIMARY KEY (`id`)
) ENGINE=InnoDB DEFAULT CHARSET=utf8mb4 COLLATE=utf8mb4_0900_ai_ci;
/*!40101 SET character_set_client = @saved_cs_client */;

--
-- Dumping data for table `avatar`
--

LOCK TABLES `avatar` WRITE;
/*!40000 ALTER TABLE `avatar` DISABLE KEYS */;
/*!40000 ALTER TABLE `avatar` ENABLE KEYS */;
UNLOCK TABLES;

--
-- Table structure for table `exercise`
--

DROP TABLE IF EXISTS `exercise`;
/*!40101 SET @saved_cs_client     = @@character_set_client */;
/*!50503 SET character_set_client = utf8mb4 */;
CREATE TABLE `exercise` (
  `id` int NOT NULL AUTO_INCREMENT,
  `apple_id` int NOT NULL,
  `parameters` varchar(2000) NOT NULL,
  `exercise_type` enum('letter_ordering','image_selection','image_writing','audio_repeating','text_read','video','worksheets') CHARACTER SET utf8mb4 COLLATE utf8mb4_0900_ai_ci NOT NULL,
  `index` int unsigned DEFAULT NULL,
  PRIMARY KEY (`id`),
  KEY `apple_id` (`apple_id`),
  CONSTRAINT `exercise_ibfk_2` FOREIGN KEY (`apple_id`) REFERENCES `apple` (`id`)
) ENGINE=InnoDB AUTO_INCREMENT=558 DEFAULT CHARSET=utf8mb4 COLLATE=utf8mb4_0900_ai_ci;
/*!40101 SET character_set_client = @saved_cs_client */;

--
-- Dumping data for table `exercise`
--

LOCK TABLES `exercise` WRITE;
/*!40000 ALTER TABLE `exercise` DISABLE KEYS */;
INSERT INTO `exercise` VALUES (1,5,'{\"src\":\"https://www.youtube.com/embed/loSTO3FFpbo?si=8YARKykaZ9NvwIW_&rel=0\"}','video',1),(2,6,'{\"options\": [\"MA\", \"ME\", \"MI\", \"MO\", \"MU\"], \"correctAnswer\": \"MO\"}','image_selection',4),(3,6,'{\"options\": [\"MA\", \"ME\", \"MI\", \"MO\", \"MU\"], \"correctAnswer\": \"MI\"}','image_selection',6),(7,6,'{\"options\": [\"MA\", \"ME\", \"MI\", \"MO\", \"MU\"], \"correctAnswer\": \"MA\"}','image_selection',3),(8,6,'{\"correctAnswer\": \"ME MIMA MI MAMI\",\"onlyText\":\"true\"}','text_read',7),(9,6,'{\"correctAnswer\": \"MI MAMÁ ME MIMA\",\"onlyText\":\"true\"}','text_read',9),(10,6,'{\"correctAnswer\": \"MI MAMÁ ME AMA\",\"onlyText\":\"true\"}','text_read',10),(11,6,'{\"options\": [\"MA\", \"ME\", \"MI\", \"MO\", \"MU\"], \"label\":\"_ _ SA\", \"correctAnswer\": \"ME\",\"image\":\"https://i.imgur.com/BKtp84L.jpeg\"}','image_selection',11),(12,6,'{\"options\": [\"MA\",\"ME\",\"MI\",\"MO\", \"MU\"],\"label\": \"_ _ TO\",\"correctAnswer\": \"MO\",\"image\":\"https://i.imgur.com/1IhfL4i.jpeg\"}','image_selection',12),(13,6,'{\"options\": [\"MA\", \"ME\", \"MI\", \"MO\", \"MU\"], \"correctAnswer\": \"ME\"}','image_selection',2),(14,6,'{\"options\": [\"MA\", \"ME\", \"MI\", \"MO\", \"MU\"], \"correctAnswer\": \"MU\"}','image_selection',5),(16,6,'{\"correctAnswer\": \"AMO A MI MAMI\",\"onlyText\":\"true\"}','text_read',8),(17,1,'{\"options\": [\"VIÓN\",\"A\"],\"correctAnswer\": \"AVIÓN\",\"image\":\"https://i.imgur.com/0g3fIlr.jpeg\",\"tts\":\"avión\"}','letter_ordering',2),(18,1,'{\"options\": [\"A\", \"E\", \"I\", \"O\", \"U\"], \"label\":\"_ RAÑA\", \"correctAnswer\": \"A\",\"image\":\"https://i.imgur.com/xrCNdFl.jpeg\",\"tts\":\"araña\"}','image_selection',3),(19,1,'{\"correctAnswer\": \"ABEJA\",\"preSelectedLetters\": [{\"letter\":\"B\",\"index\": 1},{\"letter\":\"E\",\"index\": 2},{\"letter\":\"J\",\"index\":3}], \"image\": \"https://i.imgur.com/QBQ7ykP.jpeg\",\"onlyText\":true}','image_writing',4),(21,2,'{\"options\": [\"CO\",\"ES\", \"BA\"],\"correctAnswer\": \"ESCOBA\",\"image\":\"https://i.imgur.com/GceNVDT.jpeg\"}','letter_ordering',2),(22,2,'{\"correctAnswer\": \"ELEFANTE\",\"preSelectedLetters\": [{\"letter\": \"L\",\"index\": 1},{\"letter\": \"F\",\"index\": 3},{\"letter\": \"N\",\"index\": 5},{\"letter\": \"T\",\"index\": 6}],\"image\": \"https://i.imgur.com/Hmwpd7u.jpeg\"}','image_writing',3),(23,2,'{\"options\": [\"JO\",\"PE\", \"ES\"],\"correctAnswer\": \"ESPEJO\",\"image\":\"https://i.imgur.com/DcZidGy.jpeg\"}','letter_ordering',4),(25,2,'{\"correctAnswer\": \"ESCALERA\",\"preSelectedLetters\": [{\"letter\":\"S\",\"index\": 1},{\"letter\":\"C\",\"index\": 2},{\"letter\":\"L\",\"index\": 4}, {\"letter\":\"R\",\"index\": 6}], \"image\":\"https://i.imgur.com/rt3xFEz.jpeg\"}','image_writing',5),(26,3,'{\"correctAnswer\": \"ISLA\",\"preSelectedLetters\": [{\"letter\":\"S\",\"index\": 1},{\"letter\":\"L\",\"index\": 2}], \"image\":\"https://i.imgur.com/MUC7GtY.jpeg\"}','image_writing',3),(27,3,'{\"correctAnswer\": \"IGLESIA\",\"preSelectedLetters\": [{\"letter\":\"G\",\"index\": 1},{\"letter\":\"L\",\"index\": 2}, {\"letter\":\"S\",\"index\": 4}], \"image\":\"https://i.imgur.com/RQHWKLo.jpeg\"}','image_writing',5),(28,3,'{\"options\": [\"IGLU\",\"ISLA\",\"INODORO\",\"IGLESIA\"],\"correctAnswer\": \"ISLA\",\"image\":\"https://i.imgur.com/MUC7GtY.jpeg\"}','image_selection',4),(29,3,'{\"options\": [\"I\",\"SIA\", \"GLE\"],\"correctAnswer\": \"IGLESIA\",\"image\": \"https://i.imgur.com/RQHWKLo.jpeg\"}','letter_ordering',2),(30,50,'{\"correctAnswer\": \"IGUANA\"}','audio_repeating',NULL),(31,4,'{\"correctAnswer\": \"OLLA\",\"preSelectedLetters\": [{\"letter\":\"L\",\"index\": 1},{\"letter\":\"L\",\"index\": 2}], \"image\":\"https://i.imgur.com/yYXqFkX.jpeg\"}','image_writing',NULL),(32,4,'{\"options\": [\"JO\",\"O\"],\"correctAnswer\": \"OJO\",\"image\":\"https://i.imgur.com/o801oKQ.jpeg\"}','letter_ordering',NULL),(33,4,'{\"options\": [\"VE\",\"JA\", \"O\"],\"correctAnswer\": \"OVEJA\",\"image\":\"https://i.imgur.com/3TvbOvf.jpeg\"}','letter_ordering',NULL),(34,4,'{\"correctAnswer\": \"OSO\",\"preSelectedLetters\": [{\"letter\":\"S\",\"index\": 1}], \"image\":\"https://i.imgur.com/qEc8eKB.jpeg\"}','image_writing',NULL),(35,51,'{\"correctAnswer\": \"OSO\"}','audio_repeating',NULL),(36,5,'{\"correctAnswer\": \"UVA\",\"preSelectedLetters\": [{\"letter\":\"v\",\"index\": 1}], \"image\":\"https://i.imgur.com/1oAg9bm.jpeg\"}','image_writing',2),(37,5,'{\"correctAnswer\": \"UNO\",\"preSelectedLetters\": [{\"letter\":\"N\",\"index\": 1}], \"image\":\"https://i.imgur.com/ldjU55k.jpeg\"}','image_writing',3),(38,5,'{\"options\": [\"UNIVERSO\",\"UÑA\",\"UNION\",\"UNO\"],\"correctAnswer\": \"UÑA\",\"image\":\"https://i.imgur.com/wbqzONC.jpeg\"}','image_selection',4),(39,52,'{\"correctAnswer\": \"UVA\"}','audio_repeating',NULL),(50,7,'{\"correctAnswer\": \"PIRATA\",\"preSelectedLetters\": [{\"letter\":\"R\",\"index\": 2}, {\"letter\":\"T\",\"index\": 4}], \"image\":\"https://i.imgur.com/aE9tqOc.jpeg\"}','image_writing',14),(52,7,'{\"correctAnswer\": \"MI PAPÁ ME AMA\",\"onlyText\":\"true\"}','text_read',11),(53,7,'{\"correctAnswer\": \"MI PAPÁ ME AMA A MÍ\",\"onlyText\":\"true\"}','text_read',12),(56,7,'{\"options\": [\"PA\", \"PE\", \"PI\", \"PO\", \"PU\"], \"label\":\"_ _ RATA\", \"correctAnswer\": \"PI\",\"image\":\"https://i.imgur.com/aE9tqOc.jpeg\"}','image_selection',6),(70,8,'{\"options\": [\"BA\", \"BE\", \"BI\", \"BO\", \"BU\"], \"correctAnswer\": \"BO\"}','image_selection',2),(71,33,'{\"correctAnswer\": \"BICICLETA\",\"preSelectedLetters\": [{\"letter\":\"B\",\"index\": 0}, {\"letter\":\"C\",\"index\": 2}, {\"letter\":\"C\",\"index\":4}, {\"letter\":\"L\",\"index\":5}, {\"letter\":\"T\",\"index\":7} ], \"image\":\"https://i.imgur.com/IVhzwly.jpeg\"}','image_writing',NULL),(72,33,'{\"options\": [\"TA\",\"CLE\", \"BI\", \"CI\"],\"correctAnswer\": \"BICICLETA\",\"image\":\"https://i.imgur.com/IVhzwly.jpeg\"}','letter_ordering',NULL),(73,8,'{\"options\": [\"BA\", \"BE\", \"BI\", \"BO\", \"BU\"], \"correctAnswer\": \"BU\"}','image_selection',3),(82,54,'{\"correctAnswer\": \"TABLA\",\"onlyText\":\"true\"}','audio_repeating',NULL),(83,54,'{\"correctAnswer\": \"TABLETA\",\"onlyText\":\"true\"}','audio_repeating',NULL),(86,54,'{\"correctAnswer\": \"LA TABLA\",\"onlyText\":\"true\"}','audio_repeating',NULL),(87,54,'{\"correctAnswer\": \"LA TABLETA DE PABLO\",\"onlyText\":\"true\"}','audio_repeating',NULL),(88,31,'{\"options\": [\"DO\",\"NU\", \"BLA\"],\"correctAnswer\": \"NUBLADO\",\"image\":\"https://i.imgur.com/QvhQO3A.jpeg\"}','letter_ordering',NULL),(89,31,'{\"options\": [\"BLA\", \"BLE\", \"BLI\", \"BLO\", \"BLU\"], \"label\":\"CA_ _ _ \", \"correctAnswer\": \"BLE\",\"image\":\"https://i.imgur.com/zWkH4Bi.png\"}','image_selection',NULL),(90,31,'{\"correctAnswer\": \"NUBLADO\",\"preSelectedLetters\": [{\"N\": 0}, {\"D\": 6} ], \"image\":\"https://i.imgur.com/QvhQO3A.jpeg\"}','image_writing',NULL),(91,31,'{\"correctAnswer\": \"TABLA\",\"preSelectedLetters\": [], \"image\":\"https://i.imgur.com/7Lu9TW2.png\"}','image_writing',NULL),(94,44,'{\"options\": [\"CUATRIMOTOR\", \"VIENE\", \"EL\", \"DOCTOR\", \"EN\"], \"correctAnswer\": \"EL DOCTOR VIENE EN CUATRIMOTOR\"}','letter_ordering',1),(100,47,'{\"correctAnswer\": \"MONO\",\"preSelectedLetters\": [ ], \"image\":\"https://i.imgur.com/2sm2I9e.jpeg\"}','image_writing',1),(101,47,'{\"correctAnswer\": \"TIGRE\",\"preSelectedLetters\": [ ], \"image\":\"https://i.imgur.com/yCJY0ND.jpeg\"}','image_writing',2),(102,47,'{\"correctAnswer\": \"GLOBO\",\"preSelectedLetters\": [ ], \"image\":\"https://i.imgur.com/hCgkden.png\"}','image_writing',3),(103,47,'{\"correctAnswer\": \"DRAGON\",\"preSelectedLetters\": [ ], \"image\":\"https://i.imgur.com/m9qNwyq.png\"}','image_writing',4),(104,47,'{\"options\": [\"DE\",\"CASA\", \"MIGUEL\", \"LA\", \"ES\", \"ROJA\"],\"correctAnswer\": \"LA CASA DE MIGUEL ES ROJA\",\"image\":\"https://i.imgur.com/JUj7xKp.png\"}','letter_ordering',5),(105,47,'{\"options\": [\"EDIFICIOS\",\"PEDRO\", \"UNOS\", \"CONSTRUYÓ\"],\"correctAnswer\": \"PEDRO CONSTRUYÓ UNOS EDIFICIOS\",\"image\":\"https://i.imgur.com/PFEwHAe.png\"}','letter_ordering',6),(108,46,'{\"correctAnswer\": \"Pablito clavó un clavito en la calva de un calvito. Un clavito clavó Pablito en la calva de un calvito. ¿Qué clavito clavó Pablito? \",\"onlyText\":\"true\"}','audio_repeating',3),(109,46,'{\"correctAnswer\": \"Tres tristes tigres tragaban trigo en un trigal, en tres tristes trastros tragaban trigo tres tristes tigres \",\"onlyText\":\"true\"}','audio_repeating',4),(110,46,'{\"correctAnswer\": \"Luengas lenguas hacen falta para no trabalenguarse. El que no tenga una luenga lengua bien podrá trabalenguarse.\",\"onlyText\":\"true\"}','audio_repeating',5),(111,46,'{\"correctAnswer\": \"Cuando cuentes cuentos, cuenta cuántos cuentos cuentas, porque si no cuentas cuántos cuentos cuentas, nunca sabrás cuántos cuentos cuentas tú.\",\"onlyText\":\"true\"}','audio_repeating',6),(115,9,'{\"options\": [\"SA\", \"SE\", \"SI\", \"SO\", \"SU\"],\"correctAnswer\": \"SA\"}','image_selection',2),(118,9,'{\"options\": [\"SA\", \"SE\", \"SI\", \"SO\", \"SU\"],\"correctAnswer\": \"SI\"}','image_selection',3),(177,32,'{\"options\": [\"JU\", \"LA\", \"BRU\"],\"correctAnswer\": \"BRUJULA\",\"image\":\"https://i.imgur.com/4XLRsPO.jpg\"}','letter_ordering',NULL),(178,32,'{\"correctAnswer\": \"BRAZO\",\"preSelectedLetters\": [], \"image\":\"https://i.imgur.com/bleqerP.png\"}','image_writing',NULL),(179,32,'{\"correctAnswer\": \"BRUJA\",\"preSelectedLetters\": [], \"image\":\"https://i.imgur.com/FTt9j3k.png\"}','image_writing',NULL),(180,33,'{\"correctAnswer\": \"CLAVO\",\"preSelectedLetters\": [], \"image\":\"https://i.imgur.com/nBXC4CO.png\"}','image_writing',NULL),(181,33,'{\"correctAnswer\": \"CLIP\",\"preSelectedLetters\": [], \"image\":\"https://i.imgur.com/ZgxiVRE.jpeg\"}','image_writing',NULL),(182,34,'{\"correctAnswer\": \"CRUZ\",\"preSelectedLetters\": [{\"Z\": 3} ], \"image\":\"https://i.imgur.com/J7Dr5Cq.jpeg\"}','image_writing',NULL),(183,34,'{\"correctAnswer\": \"CRANEO\",\"preSelectedLetters\": [{\"N\": 3} ], \"image\":\"https://i.imgur.com/hWdyoAa.jpeg\"}','image_writing',NULL),(184,35,'{\"correctAnswer\": \"DRAGON\",\"preSelectedLetters\": [{\"G\": 3} ], \"image\":\"https://i.imgur.com/CEJty5Y.jpeg\"}','image_writing',NULL),(185,35,'{\"correctAnswer\": \"CUADRO\",\"preSelectedLetters\": [{\"C\": 0} ], \"image\":\"https://i.imgur.com/Sclwai9.jpeg\"}','image_writing',NULL),(186,36,'{\"correctAnswer\": \"FLOR\",\"preSelectedLetters\": [{\"R\": 3} ], \"image\":\"https://i.imgur.com/qZqZNwv.png\"}','image_writing',NULL),(187,36,'{\"options\": [\"CO\", \"MEN\", \"FLA\"],\"correctAnswer\": \"FLAMENCO\",\"image\":\"https://i.imgur.com/2MRGkSN.jpeg\"}','letter_ordering',NULL),(188,37,'{\"options\": [\"FRU\", \"LLA\", \"TI\"],\"correctAnswer\": \"FRUTILLA\",\"image\":\"https://i.imgur.com/OyBxQuS.jpeg\"}','letter_ordering',NULL),(189,37,'{\"correctAnswer\": \"COFRE\",\"preSelectedLetters\": [{\"C\": 0} ], \"image\":\"https://i.imgur.com/W3pRuS6.jpeg\"}','image_writing',NULL),(190,38,'{\"correctAnswer\": \"GLOBO\",\"preSelectedLetters\": [{\"B\": 3} ], \"image\":\"https://i.imgur.com/d4BoBiA.jpeg\"}','image_writing',NULL),(191,38,'{\"options\": [\"DOR\", \"GLA\", \"DIA\"],\"correctAnswer\": \"GLADIADOR\",\"image\":\"https://i.imgur.com/HpQnkp3.jpeg\"}','letter_ordering',NULL),(192,39,'{\"correctAnswer\": \"GRUA\",\"preSelectedLetters\": [ ], \"image\":\"https://i.imgur.com/MOSFsyV.jpeg\"}','image_writing',NULL),(193,39,'{\"correctAnswer\": \"GRANJA\",\"preSelectedLetters\": [{\"J\": 4} ], \"image\":\"https://i.imgur.com/l1PwJD8.jpeg\"}','image_writing',NULL),(194,40,'{\"correctAnswer\": \"PLUMA\",\"preSelectedLetters\": [ ], \"image\":\"https://i.imgur.com/21nuFd1.jpeg\"}','image_writing',NULL),(195,40,'{\"correctAnswer\": \"PLATO\",\"preSelectedLetters\": [ ], \"image\":\"https://i.imgur.com/1O2OGj1.jpeg\"}','image_writing',NULL),(196,41,'{\"options\": [\"CE\", \"SA\", \"PRIN\"],\"correctAnswer\": \"PRINCESA\", \"image\":\"https://i.imgur.com/SDAmkWJ.jpeg\"}','letter_ordering',NULL),(197,41,'{\"correctAnswer\": \"PRESO\",\"preSelectedLetters\": [], \"image\":\"https://i.imgur.com/o3hn58A.jpeg\"}','image_writing',NULL),(198,42,'{\"correctAnswer\": \"TREN\",\"preSelectedLetters\": [], \"image\":\"https://i.imgur.com/LNdaUpp.jpeg\"}','image_writing',NULL),(199,42,'{\"correctAnswer\": \"TROFEO\",\"preSelectedLetters\": [{\"F\": 3}], \"image\":\"https://i.imgur.com/XEDNgKD.jpeg\"}','image_writing',NULL),(200,42,'{\"options\": [\"CLO\", \"TRI\", \"CI\"],\"correctAnswer\": \"TRICICLO\",\"image\":\"https://i.imgur.com/92CwgdZ.jpeg\"}','letter_ordering',NULL),(201,43,'{\"options\": [\"TLE\", \"TA\", \"A\"],\"correctAnswer\": \"ATLETA\",\"image\":\"https://i.imgur.com/YnlmBUG.jpeg\"}','letter_ordering',NULL),(202,45,'{\"options\": [\"COMEDOR\", \"LA\", \"SE\", \"NARANJA\", \"DE\", \"AL\", \"PASEA\", \"LA\", \"SALA\"], \"correctAnswer\": \"LA NARANJA SE PASEA DE LA SALA AL COMEDOR\"}','letter_ordering',2),(203,43,'{\"correctAnswer\": \"Atlanta\"}','image_writing',NULL),(209,1,'{\"src\":\"https://www.youtube.com/embed/EeYPjlf0Hyc?si=Q9A-b-JLI7vsbDj4&rel=0\"}','video',1),(210,2,'{\"src\":\"https://www.youtube.com/embed/Be8ffJQZl6I?si=XdWPNfbxeAUniOyR&rel=0\"}','video',1),(211,3,'{\"src\":\"https://www.youtube.com/embed/mVE0XVwaiKs?si=giRspiSvprJwIYYV&rel=0\"}','video',1),(212,7,'{\"src\":\"https://www.youtube.com/embed/uo4qRWjNP1Q?si=Nu1hWlpUO3-j0_2y&rel=0\"}','video',1),(213,7,'{\"correctAnswer\": \"PEPA AMA A PAPÁ\",\"onlyText\":\"true\"}','text_read',9),(214,7,'{\"correctAnswer\": \"MI PAPÁ AMA A PIPA\",\"onlyText\":\"true\"}','text_read',8),(218,7,'{\"options\": [\"PA\", \"PE\", \"PI\", \"PO\", \"PU\"], \"correctAnswer\": \"PI\"}','image_selection',2),(219,7,'{\"options\": [\"PA\", \"PE\", \"PI\", \"PO\", \"PU\"], \"correctAnswer\": \"PO\"}','image_selection',3),(221,7,'{\"options\": [\"PA\", \"PE\", \"PI\", \"PO\", \"PU\"], \"correctAnswer\": \"PA\"}','image_selection',4),(222,7,'{\"options\": [\"PA\", \"PE\", \"PI\", \"PO\", \"PU\"], \"correctAnswer\": \"PE\"}','image_selection',5),(223,7,'{\"options\": [\"LO\",\"PE\", \"TA\"],\"correctAnswer\": \"PELOTA\",\"image\":\"https://i.imgur.com/iyc5Rjz.jpeg\"}','letter_ordering',7),(224,7,'{\"correctAnswer\": \"PATO\",\"preSelectedLetters\": [{\"letter\":\"T\",\"index\": 2}], \"image\":\"https://i.imgur.com/ZJSOzOq.jpeg\"}','image_writing',13),(225,7,'{\"correctAnswer\": \"PERA\",\"preSelectedLetters\": [{\"letter\":\"R\",\"index\": 2}], \"image\":\"https://i.imgur.com/cgu0DUn.jpeg\"}','image_writing',10),(226,7,'{\"correctAnswer\": \"PIPA\",\"preSelectedLetters\": [], \"image\":\"https://i.imgur.com/CZNTa4B.jpeg\"}','image_writing',15),(227,6,'{\"options\": [\"MA\",\"ME\",\"MI\",\"MO\", \"MU\"],\"label\": \"_ _ LETA\",\"correctAnswer\": \"MU\",\"image\":\"https://i.imgur.com/jKiqSac.jpeg\"}','image_selection',13),(228,6,'{\"options\": [\"NE\",\"MO\",\"DA\"],\"correctAnswer\": \"MONEDA\",\"image\":\"https://i.imgur.com/jJkCLPD.jpeg\"}','letter_ordering',14),(229,6,'{\"options\": [\"NO\",\"MA\"],\"correctAnswer\": \"MANO\",\"image\":\"https://i.imgur.com/9hNrozW.jpeg\"}','letter_ordering',15),(230,6,'{\"correctAnswer\": \"MONO\",\"preSelectedLetters\":[{\"letter\":\"N\",\"index\":2}], \"image\":\"https://i.imgur.com/2sm2I9e.jpeg\"}','image_writing',16),(231,6,'{\"options\": [\"MESA\",\"MOTO\",\"MONO\",\"MARCO\"],\"correctAnswer\": \"MONO\",\"image\":\"https://i.imgur.com/2sm2I9e.jpeg\"}','image_selection',17),(233,6,'{\"src\":\"https://www.youtube.com/embed/bxU3X96mOFM?si=MpUnu1yRahrBsWNO&rel=0\"}','video',1),(234,8,'{\"src\": \"https://www.youtube.com/embed/pcU6Ljb-2DY?si=DRG1-YEdMbISZ8JU&rel=0\"}','video',1),(238,8,'{\"correctAnswer\": \"MI BEBÉ ME AMA\",\"onlyText\":\"true\"}','text_read',4),(240,8,'{\"correctAnswer\": \"MI BEBA ME AMA A MÍ\",\"onlyText\":\"true\"}','text_read',5),(241,8,'{\"correctAnswer\": \"BURRO\",\"preSelectedLetters\": [{\"letter\":\"R\",\"index\": 2}, {\"letter\":\"R\",\"index\": 3}], \"image\":\"https://i.imgur.com/iVf7I4p.jpeg\"}','image_writing',7),(242,8,'{\"options\": [\"BA\", \"BE\", \"BI\", \"BO\", \"BU\"], \"label\":\"_ _FANDA \", \"correctAnswer\": \"BU\",\"image\":\"https://i.imgur.com/CTUJzWB.jpeg\"}','image_selection',6),(243,8,'{\"correctAnswer\": \"BARCO\",\"preSelectedLetters\": [{\"letter\":\"R\",\"index\": 2}, {\"letter\":\"C\",\"index\": 3}], \"image\":\"https://i.imgur.com/jNxY1z5.jpeg\"}','image_writing',8),(244,8,'{\"correctAnswer\": \"BEBE\",\"preSelectedLetters\": [], \"image\":\"https://i.imgur.com/UD77Nye.jpeg\"}','image_writing',9),(246,8,'{\"correctAnswer\": \"BOMBA\",\"preSelectedLetters\": [], \"image\":\"https://i.imgur.com/2fD2PDi.jpeg\"}','image_writing',10),(247,9,'{\"src\":\"https://www.youtube.com/embed/MBhm3e-kn1M?si=q5giP4nknoAhmwMD&rel=0\"}','video',1),(248,9,'{\"options\": [\"SA\", \"SE\", \"SI\", \"SO\", \"SU\"],\"correctAnswer\": \"SE\"}','image_selection',4),(249,9,'{\"options\": [\"AS\", \"ES\", \"IS\", \"OS\", \"US \"],\"correctAnswer\": \"ES\"}','image_selection',5),(250,9,'{\"options\": [\"SA\", \"SE\", \"SI\", \"SO\", \"SU\"], \"label\":\"_ _ RENA\", \"correctAnswer\": \"SI\",\"image\":\"https://i.imgur.com/qEYMgSA.jpeg\"}','image_selection',6),(251,9,'{\"options\": [\"PIEN\",\"TE\", \"SER\"],\"correctAnswer\": \"SERPIENTE\",\"image\":\"https://i.imgur.com/TlanPxS.jpeg\"}','letter_ordering',7),(252,9,'{\"correctAnswer\": \"ESO ES MÍO\",\"onlyText\":\"true\"}','text_read',8),(253,9,'{\"correctAnswer\": \"ESAS SON MÍAS\",\"onlyText\":\"true\"}','text_read',9),(255,9,'{\"correctAnswer\": \"MI OSO PAPOSO\",\"onlyText\":\"true\"}','text_read',10),(256,9,'{\"correctAnswer\": \"MI OSO ES SOSO\",\"onlyText\":\"true\"}','text_read',11),(257,9,'{\"correctAnswer\": \"MIS OSAS\",\"onlyText\":\"true\"}','text_read',12),(258,9,'{\"correctAnswer\": \"MIS OSAS MIMOSAS\",\"onlyText\":\"true\"}','text_read',13),(259,9,'{\"correctAnswer\": \"MIS MESAS\",\"onlyText\":\"true\"}','text_read',14),(260,9,'{\"correctAnswer\": \"MIS MESAS SON\",\"onlyText\":\"true\"}','text_read',15),(261,9,'{\"correctAnswer\": \"MIS MASAS SON MÍAS\",\"onlyText\":\"true\"}','text_read',16),(262,9,'{\"correctAnswer\": \"AMASO MI MASA\",\"onlyText\":\"true\"}','text_read',17),(263,9,'{\"correctAnswer\": \"AMASO MIS MASAS\",\"onlyText\":\"true\"}','text_read',18),(264,9,'{\"correctAnswer\": \"SILLA\",\"preSelectedLetters\": [{\"L\": 2}, {\"L\":3}], \"image\":\"https://i.imgur.com/UzXfQGi.jpeg\"}','image_writing',19),(265,9,'{\"correctAnswer\": \"SAPO\",\"preSelectedLetters\":[], \"image\":\"https://i.imgur.com/eo5ricr.jpeg\"}','image_writing',20),(266,9,'{\"correctAnswer\": \"SANDIA\",\"preSelectedLetters\": [{\"N\": 2}, {\"D\":3}], \"image\":\"https://i.imgur.com/BiGPOAH.jpeg\"}','image_writing',21),(267,10,'{\"src\":\"https://www.youtube.com/embed/L_-cNqKI62I?si=jOWpyZil0SnQ1TVA\"}','video',1),(268,10,'{\"options\": [\"LA\", \"LE\", \"LI\", \"LO\", \"LU\"], \"correctAnswer\": \"LA\"}','image_selection',2),(269,10,'{\"options\": [\"LA\", \"LE\", \"LI\", \"LO\", \"LU\"], \"correctAnswer\": \"LO\"}','image_selection',3),(270,10,'{\"options\": [\"LA\", \"LE\", \"LI\", \"LO\", \"LU\"], \"correctAnswer\": \"LE\"}','image_selection',4),(271,10,'{\"options\": [\"LA\", \"LE\", \"LI\", \"LO\", \"LU\"], \"correctAnswer\": \"LI\"}','image_selection',5),(272,10,'{\"options\": [\"LA\", \"LE\", \"LI\", \"LO\", \"LU\"], \"correctAnswer\": \"LU\"}','image_selection',6),(273,10,'{\"options\": [\"AL\", \"EL\", \"IL\", \"OL\", \"UL\"], \"correctAnswer\": \"EL\"}','image_selection',7),(274,10,'{\"options\": [\"AL\", \"EL\", \"IL\", \"OL\", \"UL\"], \"correctAnswer\": \"AL\"}','image_selection',8),(275,10,'{\"correctAnswer\": \"LOLO ES MÍO\",\"onlyText\":\"true\"}','text_read',9),(276,10,'{\"correctAnswer\": \"LOLO ES MI PAPÁ\",\"onlyText\":\"true\"}','text_read',10),(277,10,'{\"correctAnswer\": \"EL LOBO ME PISA\",\"onlyText\":\"true\"}','text_read',11),(278,10,'{\"correctAnswer\": \"LOBO MALO\",\"onlyText\":\"true\"}','text_read',12),(279,10,'{\"correctAnswer\": \"EL LOBO MALO ES MIO\",\"onlyText\":\"true\"}','text_read',13),(280,10,'{\"correctAnswer\": \"LA PALA SE LIMPIA\",\"onlyText\":\"true\"}','text_read',14),(281,10,'{\"correctAnswer\": \"LA PALA SE DEBE LIMPIAR\",\"onlyText\":\"true\"}','text_read',15),(282,10,'{\"options\": [\"PA\",\"LÁM\", \"RA\"],\"correctAnswer\": \"LAMPARA\",\"image\":\"https://i.imgur.com/7HETgL3.jpeg\"}','letter_ordering',16),(283,10,'{\"correctAnswer\": \"LA SALA ES SOLO MIA\",\"onlyText\":\"true\"}','text_read',17),(284,10,'{\"options\": [\"LA\", \"LE\", \"LI\", \"LO\", \"LU\"], \"label\":\"_ _ BRO\", \"correctAnswer\": \"LI\",\"image\":\"https://i.imgur.com/5uGyyc0.jpeg\"}','image_selection',18),(285,10,'{\"correctAnswer\": \"LEON\",\"preSelectedLetters\": [{\"N\": 3}], \"image\":\"https://i.imgur.com/nHZpNyn.jpeg\"}','image_writing',19),(287,11,'{\"src\":\"https://www.youtube.com/embed/-F3iCyoYiCA?si=4RKkYBJWj-sTpr1k\"}','video',1),(288,11,'{\"options\": [\"DA\", \"DE\", \"DI\", \"DO\", \"DU\"], \"correctAnswer\": \"DA\"}','image_selection',2),(289,11,'{\"options\": [\"DA\", \"DE\", \"DI\", \"DO\", \"DU\"], \"correctAnswer\": \"DU\"}','image_selection',3),(290,11,'{\"options\": [\"DA\", \"DE\", \"DI\", \"DO\", \"DU\"], \"correctAnswer\": \"DI\"}','image_selection',4),(291,11,'{\"options\": [\"DA\", \"DE\", \"DI\", \"DO\", \"DU\"], \"correctAnswer\": \"DO\"}','image_selection',5),(292,11,'{\"options\": [\"DA\", \"DE\", \"DI\", \"DO\", \"DU\"], \"correctAnswer\": \"DE\"}','image_selection',6),(293,11,'{\"correctAnswer\": \"DOS DEDOS\",\"onlyText\":\"true\"}','text_read',7),(294,11,'{\"correctAnswer\": \"LOS DADOS\",\"onlyText\":\"true\"}','text_read',8),(295,11,'{\"options\": [\"RIO\",\"DI\", \"NO\", \"SAU\"],\"correctAnswer\": \"DINOSAURIO\",\"image\":\"https://i.imgur.com/WMgbcRX.jpeg\"}','letter_ordering',9),(296,11,'{\"correctAnswer\": \"USABÁMOS LOS MÍOS\",\"onlyText\":\"true\"}','text_read',10),(297,11,'{\"correctAnswer\": \"LA BODA DEL ABUELO\",\"onlyText\":\"true\"}','text_read',11),(298,11,'{\"correctAnswer\": \"LA MODA DE LOS DADOS PASÓ \",\"onlyText\":\"true\"}','text_read',12),(299,11,'{\"correctAnswer\": \"EL DADO ES DEL PAPÁ\",\"onlyText\":\"true\"}','text_read',13),(300,11,'{\"correctAnswer\": \"EL DEDO USABA DEDAL\",\"onlyText\":\"true\"}','text_read',14),(301,11,'{\"correctAnswer\": \"PEPE USABA LOS DADOS DEL ABUELO\",\"onlyText\":\"true\"}','text_read',15),(302,11,'{\"correctAnswer\": \"DADOS\", \"image\":\"https://i.imgur.com/N7YKnNo.jpeg\"}','image_writing',16),(303,11,'{\"correctAnswer\": \"DIAMANTE\",\"preSelectedLetters\": [{\"N\": 5}, {\"T\":6}], \"image\":\"https://i.imgur.com/zkxIeCM.jpeg\"}','image_writing',17),(304,11,'{\"correctAnswer\": \"DOS\", \"image\":\"https://i.imgur.com/bCQeqaW.jpeg\"}','image_writing',18),(305,12,'{\"src\":\"https://www.youtube.com/embed/QLcuXW9pCIk?si=9iMYrUTkljurW6ty\"}','video',1),(306,12,'{\"options\": [\"NA\", \"NE\", \"NI\", \"NO\", \"NU\"] ,\"correctAnswer\": \"NO\"}','image_selection',2),(307,12,'{\"options\": [\"NA\", \"NE\", \"NI\", \"NO\", \"NU\"] ,\"correctAnswer\": \"NE\"}','image_selection',3),(308,12,'{\"options\": [\"NA\", \"NE\", \"NI\", \"NO\", \"NU\"] ,\"correctAnswer\": \"NA\"}','image_selection',4),(309,12,'{\"options\": [\"NA\", \"NE\", \"NI\", \"NO\", \"NU\"] ,\"correctAnswer\": \"NU\"}','image_selection',5),(310,12,'{\"options\": [\"NA\", \"NE\", \"NI\", \"NO\", \"NU\"] ,\"correctAnswer\": \"NI\"}','image_selection',6),(311,12,'{\"options\": [\"AN\", \"EN\", \"IN\", \"ON\", \"UN\"],\"correctAnswer\": \"UN\"}','image_selection',7),(312,12,'{\"options\": [\"AN\", \"EN\", \"IN\", \"ON\", \"UN\"],\"correctAnswer\": \"EN\"}','image_selection',8),(313,12,'{\"correctAnswer\": \"UN NIDO DE LANA\",\"onlyText\":\"true\"}','text_read',9),(314,12,'{\"correctAnswer\": \"UNOS NUDOS SÉ ANUDAR\",\"onlyText\":\"true\"}','text_read',10),(315,12,'{\"correctAnswer\": \"UNA NUBE DE MIEL\",\"onlyText\":\"true\"}','text_read',11),(316,12,'{\"correctAnswer\": \"UNA DONA DE MANÍ\",\"onlyText\":\"true\"}','text_read',12),(317,12,'{\"correctAnswer\": \"EL NIDO DE MANU\",\"onlyText\":\"true\"}','text_read',13),(318,12,'{\"correctAnswer\": \"LOS NIDOS PUEDEN MUDARSE \",\"onlyText\":\"true\"}','text_read',14),(319,12,'{\"options\": [\"JA\",\"RAN\", \"NA\"],\"correctAnswer\": \"NARANJA\",\"image\":\"https://i.imgur.com/yU75KsL.jpeg\"}','letter_ordering',15),(320,12,'{\"correctAnswer\": \"NIDO\", \"image\":\"https://i.imgur.com/n87AXEz.jpeg\"}','image_writing',16),(321,12,'{\"correctAnswer\": \"NUBE\", \"image\":\"https://i.imgur.com/qvrWIG5.jpeg\"}','image_writing',17),(323,13,'{\"options\": [\"RA\", \"RE\", \"RI\", \"RO\", \"RU\"], \"correctAnswer\": \"RA\"}','image_selection',2),(325,13,'{\"options\": [\"RA\", \"RE\", \"RI\", \"RO\", \"RU\"], \"correctAnswer\": \"RE\"}','image_selection',3),(326,13,'{\"src\":\"https://www.youtube.com/embed/EBvuMi5NmHM?si=hMBuNasPhsMhiGxR\"}','video',1),(327,13,'{\"options\": [\"AR\", \"ER\", \"IR\", \"OR\", \"UR\"], \"correctAnswer\": \"IR\"}','image_selection',4),(328,13,'{\"correctAnswer\": \"UNA ROSA \",\"onlyText\":\"true\"}','audio_repeating',5),(329,13,'{\"correctAnswer\": \"LAS MORAS ROSAS SON MÍAS\",\"onlyText\":\"true\"}','text_read',7),(330,13,'{\"correctAnswer\": \"ADORA EL AMOR ROSA\",\"onlyText\":\"true\"}','text_read',8),(331,13,'{\"options\": [\"LO\", \"GA\", \"RE\"],\"correctAnswer\": \"REGALO\",\"image\":\"https://i.imgur.com/2taISu8.jpeg\"}','letter_ordering',9),(333,13,'{\"correctAnswer\": \"A MI ME DIO DOS ROSAS\",\"onlyText\":\"true\"}','text_read',10),(334,13,'{\"correctAnswer\": \"LAS ROSAS PASARON DE MODA\",\"onlyText\":\"true\"}','text_read',11),(335,13,'{\"correctAnswer\": \"LA ROPA ROSADA PASÓ DE MODA\",\"onlyText\":\"true\"}','text_read',12),(336,13,'{\"correctAnswer\": \"PERO LAS NENAS AMAN EL ROSA\",\"onlyText\":\"true\"}','text_read',13),(337,13,'{\"correctAnswer\": \"LAS REINAS AMABAN EL DORADO ORO\",\"onlyText\":\"true\"}','text_read',14),(340,13,'{\"correctAnswer\": \"DOS ROSAS ROJAS\",\"onlyText\":\"true\"}','audio_repeating',6),(344,13,'{\"correctAnswer\": \"RELOJ\",\"preSelectedLetters\": [{\"letter\":\"J\",\"index\": 4}], \"image\":\"https://i.imgur.com/eSdvmRS.jpeg\"}','image_writing',15),(345,13,'{\"correctAnswer\": \"RATON\",\"preSelectedLetters\": [{\"letter\":\"T\",\"index\": 2}], \"image\":\"https://i.imgur.com/C7ig3sO.jpeg\"}','image_writing',16),(346,14,'{\"options\": [\"ARRA\", \"ERRE\", \"IRRA\", \"ORRO\", \"URRU\"], \"correctAnswer\": \"ERRE\"}','image_selection',2),(347,14,'{\"options\": [\"ARRA\", \"ERRE\", \"IRRA\", \"ORRO\", \"URRU\"], \"correctAnswer\": \"ARRA\"}','image_selection',3),(348,14,'{\"options\": [\"ARRA\", \"ERRE\", \"IRRA\", \"ORRO\", \"URRU\"], \"correctAnswer\": \"IRRA\"}','image_selection',4),(351,14,'{\"correctAnswer\": \"EL PERRO DE LA VECINA\",\"onlyText\":\"true\"}','audio_repeating',5),(352,14,'{\"correctAnswer\": \"HAY MUCHO BARRO\",\"onlyText\":\"true\"}','audio_repeating',6),(353,14,'{\"correctAnswer\": \"MI PERRO ME MORDIÓ\",\"onlyText\":\"true\"}','audio_repeating',7),(354,14,'{\"correctAnswer\": \"MI PERRO ME LAME LA MANO\",\"onlyText\":\"true\"}','text_read',8),(355,14,'{\"correctAnswer\": \"LA PERRA LE LAMIÓ EL DEDO\",\"onlyText\":\"true\"}','text_read',9),(356,14,'{\"correctAnswer\": \"EL BURRO LE PATEÓ LA CARA PERO LO AMABA\",\"onlyText\":\"true\"}','text_read',10),(357,14,'{\"correctAnswer\": \"ARROZ\",\"preSelectedLetters\": [{\"letter\":\"Z\",\"index\": 4}], \"image\":\"https://i.imgur.com/LOqYwtF.jpeg\"}','image_writing',11),(358,14,'{\"correctAnswer\": \"GORRA\",\"preSelectedLetters\": [{\"letter\":\"G\",\"index\": 0}], \"image\":\"hhttps://i.imgur.com/6er8DoV.jpeg\"}','image_writing',12),(359,14,'{\"correctAnswer\": \"PERRO\", \"image\":\"https://i.imgur.com/A4CjSIC.jpeg\"}','image_writing',13),(360,14,'{\"correctAnswer\": \"BURRO\", \"image\":\"https://i.imgur.com/fqFHn6Q.jpeg\"}','image_writing',14),(362,15,'{\"options\": [\"TA\", \"TE\", \"TI\", \"TO\", \"TU\"], \"correctAnswer\": \"TE\"}','image_selection',2),(363,15,'{\"options\": [\"TA\", \"TE\", \"TI\", \"TO\", \"TU\"], \"correctAnswer\": \"TI\"}','image_selection',3),(364,15,'{\"options\": [\"TA\", \"TE\", \"TI\", \"TO\", \"TU\"], \"correctAnswer\": \"TA\"}','image_selection',4),(365,15,'{\"options\": [\"TA\", \"TE\", \"TI\", \"TO\", \"TU\"], \"correctAnswer\": \"TU\"}','image_selection',5),(366,15,'{\"correctAnswer\": \"TOMAMOS EL TÉ EN LA TETERA\",\"onlyText\":\"true\"}','text_read',6),(367,15,'{\"correctAnswer\": \"LA TIERRA ERA ROSADA\",\"onlyText\":\"true\"}','text_read',7),(368,15,'{\"correctAnswer\": \"EL TÍO ES TOTÓ\",\"onlyText\":\"true\"}','text_read',8),(369,15,'{\"options\": [\"TAR\", \"TER\", \"TIR\", \"TOR\", \"TUR\"], \"label\":\"_ _ _NADO\", \"correctAnswer\": \"TOR\",\"image\":\"https://i.imgur.com/2JWjZca.jpeg\"}','image_selection',9),(370,15,'{\"correctAnswer\": \"EL TARRO ESTABA EN LA MESA\",\"onlyText\":\"true\"}','text_read',10),(372,15,'{\"correctAnswer\": \"EL PERRO SE TIRÓ AL RÍO\",\"onlyText\":\"true\"}','text_read',11),(373,15,'{\"correctAnswer\": \"EL TORO SE REBELÓ\",\"onlyText\":\"true\"}','text_read',12),(375,15,'{\"options\": [\"TE\",\"MA\", \"TO\"],\"correctAnswer\": \"TOMATE\",\"image\":\"https://i.imgur.com/f8w6QJn.jpeg\"}','letter_ordering',13),(376,15,'{\"correctAnswer\": \"TOBOGAN\",\"preSelectedLetters\": [{\"letter\":\"G\",\"index\": 4}], \"image\":\"https://i.imgur.com/28ii0r8.jpeg\"}','image_writing',14),(377,15,'{\"correctAnswer\": \"TIBURON\",\"preSelectedLetters\": [{\"letter\":\"B\",\"index\": 2}], \"image\":\"https://i.imgur.com/sDZEpjt.jpeg\"}','image_writing',15),(378,15,'{\"correctAnswer\": \"TENEDOR\",\"preSelectedLetters\": [{\"letter\":\"D\",\"index\": 4}], \"image\":\"https://i.imgur.com/fbEG0xh.jpeg\"}','image_writing',16),(379,15,'{\"correctAnswer\": \"TOMATE\", \"image\":\"https://i.imgur.com/f8w6QJn.jpeg\"}','image_writing',17),(380,16,'{\"options\": [\"YA\", \"YE\", \"YI\", \"YO\", \"YU\"],\"correctAnswer\": \"YO\"}','image_selection',2),(381,16,'{\"options\": [\"YA\", \"YE\", \"YI\", \"YO\", \"YU\"],\"correctAnswer\": \"YA\"}','image_selection',3),(383,16,'{\"options\": [\"YA\", \"YE\", \"YI\", \"YO\", \"YU\"],\"correctAnswer\": \"YU\"}','image_selection',4),(384,16,'{\"correctAnswer\": \"LA YEMA SE PARTIÓ\",\"onlyText\":\"true\"}','text_read',5),(386,16,'{\"correctAnswer\": \"YO SOY MUY AMOROSO Y MIMOSO\",\"onlyText\":\"true\"}','text_read',6),(387,16,'{\"correctAnswer\":\"EL REY DIO UNA ORDEN\",\"onlyText\":\"true\"}','text_read',7),(388,16,'{\"correctAnswer\": \"REY\", \"image\":\"https://i.imgur.com/2Y5Qs9u.jpeg\"}','image_writing',8),(389,16,'{\"correctAnswer\": \"YOYO\", \"image\":\"https://i.imgur.com/5eQRkaU.jpeg\"}','image_writing',9),(390,16,'{\"correctAnswer\": \"YESO\", \"image\":\"https://i.imgur.com/cZnccDF.jpeg\"}','image_writing',10),(391,16,'{\"correctAnswer\": \"LOS REYES TENÍAN PODER\",\"onlyText\":\"true\"}','text_read',11),(394,17,'{\"options\": [\"LLA\", \"LLE\", \"LLI\", \"LLO\", \"LLU\"],\"correctAnswer\": \"LLE\"}','image_selection',2),(395,17,'{\"options\": [\"LLA\", \"LLE\", \"LLI\", \"LLO\", \"LLU\"],\"correctAnswer\": \"LLA\"}','image_selection',3),(397,17,'{\"options\": [\"LLA\", \"LLE\", \"LLI\", \"LLO\", \"LLU\"],\"correctAnswer\": \"LLO\"}','image_selection',4),(398,17,'{\"correctAnswer\": \"EL POLLO ESTÁ LISTO\",\"onlyText\":\"true\"}','text_read',5),(399,17,'{\"correctAnswer\": \"EL NENE YA ESTÁ LLORANDO \",\"onlyText\":\"true\"}','text_read',6),(400,17,'{\"correctAnswer\": \"EL NENE LLORABA POR LA PELOTA\",\"onlyText\":\"true\"}','text_read',7),(401,17,'{\"correctAnswer\": \"LA LLAMA NOS ILUMINABA\",\"onlyText\":\"true\"}','text_read',8),(402,17,'{\"options\": [\"LLA\", \"LLE\", \"LLI\", \"LLO\", \"LLU\"], \"label\":\"GA_ _ _NA\", \"correctAnswer\": \"LLI\",\"image\":\"https://i.imgur.com/XVS9xA7.jpeg\"}','image_selection',9),(403,17,'{\"correctAnswer\": \"LLAVE\",\"preSelectedLetters\": [{\"V\": 3}], \"image\":\"https://i.imgur.com/dOv7U85.jpeg\"}','image_writing',10),(404,17,'{\"correctAnswer\": \"LLUVIA\",\"preSelectedLetters\": [{\"V\": 3}], \"image\":\"https://i.imgur.com/Ro3QH0Z.jpeg\"}','image_writing',11),(405,17,'{\"correctAnswer\": \"POLLO\",\"image\":\"https://i.imgur.com/pMqah6a.jpeg\"}','image_writing',12),(406,18,'{\"options\": [\"HA\", \"HE\", \"HI\", \"HO\", \"HU\"], \"correctAnswer\": \"HE\"}','image_selection',2),(407,18,'{\"options\": [\"HA\", \"HE\", \"HI\", \"HO\", \"HU\"], \"correctAnswer\": \"HA\"}','image_selection',3),(411,18,'{\"options\": [\"RA\",\"LA\", \"HE\", \"DE\"],\"correctAnswer\": \"HELADERA\",\"image\":\"https://i.imgur.com/gqDf4JL.jpeg\"}','letter_ordering',4),(412,18,'{\"correctAnswer\": \"EL HADA ES BUENA\",\"onlyText\":\"true\"}','text_read',5),(414,18,'{\"correctAnswer\": \"EL HORNO NO ANDA HOY\",\"onlyText\":\"true\"}','text_read',6),(415,18,'{\"correctAnswer\": \" HABIA HUMO\",\"onlyText\":\"true\"}','text_read',7),(416,18,'{\"correctAnswer\": \"HADA\", \"image\":\"https://i.imgur.com/1FZDQCz.jpeg\"}','image_writing',8),(417,18,'{\"correctAnswer\": \"HELADO\", \"image\":\"https://i.imgur.com/Gm3CLPs.jpeg\"}','image_writing',9),(418,18,'{\"correctAnswer\": \"HIELO\", \"image\":\"https://i.imgur.com/6UM6lSW.jpeg\"}','image_writing',10),(419,18,'{\"correctAnswer\": \"HUESO\", \"image\":\"https://i.imgur.com/QQjRiMw.jpeg\"}','image_writing',11),(420,19,'{\"options\": [\"FA\", \"FE\", \"FI\", \"FO\", \"FU\"], \"correctAnswer\": \"FO\"}','image_selection',2),(421,19,'{\"options\": [\"FA\", \"FE\", \"FI\", \"FO\", \"FU\"], \"correctAnswer\": \"FA\"}','image_selection',3),(422,19,'{\"options\": [\"FA\", \"FE\", \"FI\", \"FO\", \"FU\"], \"correctAnswer\": \"FE\"}','image_selection',4),(423,19,'{\"options\": [\"FA\", \"FE\", \"FI\", \"FO\", \"FU\"], \"correctAnswer\": \"FI\"}','image_selection',5),(424,19,'{\"options\": [\"FA\", \"FE\", \"FI\", \"FO\", \"FU\"], \"correctAnswer\": \"FU\"}','image_selection',6),(425,19,'{\"correctAnswer\": \"LAS FOTOS DE MANUELA\",\"onlyText\":\"true\"}','text_read',7),(426,19,'{\"correctAnswer\": \"MI FAMILIA ESTÁ LOCA\",\"onlyText\":\"true\"}','text_read',8),(427,19,'{\"correctAnswer\": \"FER TENÍA SED Y BEBIÓ DE LA FUENTE\",\"onlyText\":\"true\"}','text_read',9),(428,19,'{\"options\": [\"MA\",\"FAN\", \"TAS\"],\"correctAnswer\": \"FANTASMA\",\"image\":\"https://i.imgur.com/r75qQER.jpeg\"}','letter_ordering',10),(429,19,'{\"correctAnswer\": \"FOCA\",\"preSelectedLetters\": [{\"letter\":\"C\",\"index\": 2}], \"image\":\"https://i.imgur.com/LEYOwbQ.jpeg\"}','image_writing',11),(430,19,'{\"correctAnswer\": \"FUEGO\",\"preSelectedLetters\": [{\"letter\":\"G\",\"index\": 3}], \"image\":\"https://i.imgur.com/SxSYNgh.jpeg\"}','image_writing',12),(433,20,'{\"options\": [\"ZA\", \"ZE\", \"ZI\", \"ZO\", \"ZU\"],\"correctAnswer\": \"ZU\"}','image_selection',2),(434,20,'{\"correctAnswer\": \"EL ZAPALLO ESTÁ MADURO\",\"onlyText\":\"true\"}','text_read',4),(435,20,'{\"correctAnswer\": \"ESE ZAPATO NO ES MÍO \",\"onlyText\":\"true\"}','text_read',5),(436,20,'{\"options\": [\"PA\",\"ZA\", \"LLAS\", \"TI\"],\"correctAnswer\": \"ZAPATILLAS\",\"image\":\"https://i.imgur.com/4gT5dmL.jpeg\"}','letter_ordering',3),(437,20,'{\"correctAnswer\": \"LA ZANAHORIA SALIÓ DE LA TIERRA\",\"onlyText\":\"true\"}','text_read',6),(438,20,'{\"correctAnswer\": \"ZORRO\", \"image\":\"https://i.imgur.com/kwfqJpB.jpeg\"}','image_writing',7),(439,20,'{\"correctAnswer\": \"ZOMBI\", \"image\":\"https://i.imgur.com/RI08eMe.jpeg\"}','image_writing',8),(441,21,'{\"options\": [\"KA\", \"KE\", \"KI\", \"KO\", \"KU\"], \"correctAnswer\": \"KO\"}','image_selection',2),(442,21,'{\"options\": [\"KA\", \"KE\", \"KI\", \"KO\", \"KU\"], \"correctAnswer\": \"KA\"}','image_selection',3),(443,21,'{\"options\": [\"KA\", \"KE\", \"KI\", \"KO\", \"KU\"], \"correctAnswer\": \"KU\"}','image_selection',4),(444,21,'{\"options\": [\"KA\", \"KE\", \"KI\", \"KO\", \"KU\"], \"correctAnswer\": \"KE\"}','image_selection',5),(445,21,'{\"options\": [\"KA\", \"KE\", \"KI\", \"KO\", \"KU\"], \"correctAnswer\": \"KI\"}','image_selection',6),(446,21,'{\"correctAnswer\": \"EL KOALA HACE KARATE\",\"onlyText\":\"true\"}','text_read',7),(448,21,'{\"correctAnswer\": \"KIWI\",\"preSelectedLetters\":[{\"letter\":\"W\",\"index\":2}], \"image\":\"https://i.imgur.com/xxLHvF3.jpeg\"}','image_writing',9),(449,22,'{\"options\": [\"CA\", \"CE\", \"CI\", \"CO\",\"CU\"], \"correctAnswer\": \"CA\"}','image_selection',1),(450,22,'{\"options\": [\"CA\", \"CE\", \"CI\", \"CO\",\"CU\"], \"correctAnswer\": \"CO\"}','image_selection',2),(454,22,'{\"options\": [\"SA\",\"MI\", \"CA\"],\"correctAnswer\": \"CAMISA\",\"image\":\"https://i.imgur.com/5b2yLeS.jpeg\"}','letter_ordering',3),(455,22,'{\"options\": [\"COCINA\",\"COMEDOR\",\"CORAZÓN\",\"COMEZÓN\"],\"correctAnswer\": \"CORAZÓN\",\"image\": \"https://i.imgur.com/IscYuA6.jpeg\"}','image_selection',4),(456,22,'{\"options\": [\"CAMELLO\",\"CABALLO\",\"CABELLO\",\"COMETA\"],\"correctAnswer\": \"CABALLO\", \"image\":\"https://i.imgur.com/IwMHQpK.jpeg\"}','image_selection',5),(457,22,'{\"options\": [\"LLO\",\"CE\", \"PI\"],\"correctAnswer\": \"CEPILLO\",\"image\":\"https://i.imgur.com/wyqDyHT.jpeg\"}','letter_ordering',6),(458,22,'{\"correctAnswer\": \"LA COCA ERA MI TÍA\",\"onlyText\":\"true\"}','text_read',7),(459,22,'{\"correctAnswer\": \"MI TÍO COCO ME LLAMÓ\",\"onlyText\":\"true\"}','text_read',8),(460,22,'{\"correctAnswer\": \"EL CABALLO SE LLAMA COCO\",\"onlyText\":\"true\"}','text_read',9),(461,22,'{\"correctAnswer\": \"LA COCA COCINA RICO Y HACE CEREAL CON CIRUELAS\",\"onlyText\":\"true\"}','text_read',10),(462,23,'{\"options\": [\"JA\", \"JE\", \"JI\", \"JO\", \"JU\"], \"correctAnswer\": \"JA\"}','image_selection',2),(464,23,'{\"options\": [\"JA\", \"JE\", \"JI\", \"JO\", \"JU\"], \"correctAnswer\": \"JO\"}','image_selection',3),(467,23,'{\"correctAnswer\": \"JIRAFA\", \"image\":\"https://i.imgur.com/hMqIS8U.jpeg\"}','image_writing',10),(468,23,'{\"correctAnswer\": \"JABON\", \"image\": \"https://i.imgur.com/kBiqntF.jpeg\"}','image_writing',11),(469,23,'{\"correctAnswer\": \"JAULA\", \"image\":\"https://i.imgur.com/Vsv5S8x.jpeg\"}','image_writing',12),(470,23,'{\"correctAnswer\": \"EL PÁJARO COMIÓ AJO\",\"onlyText\":\"true\"}','text_read',4),(471,23,'{\"correctAnswer\": \"EL JARABE ME HIZO BIEN\",\"onlyText\":\"true\"}','text_read',5),(472,23,'{\"correctAnswer\": \"EL JABÓN SE ACABÓ\",\"onlyText\":\"true\"}','text_read',6),(473,23,'{\"correctAnswer\": \"LOS PÁJAROS SIN JAULA SON FELICES\",\"onlyText\":\"true\"}','text_read',7),(474,23,'{\"correctAnswer\": \"EL PÁJARO SE FUE DE SU JAULA\",\"onlyText\":\"true\"}','text_read',8),(475,23,'{\"correctAnswer\": \"EL JABÓN HUELE BIEN\",\"onlyText\":\"true\"}','text_read',9),(478,24,'{\"options\": [\"GA\", \"GE\", \"GI\", \"GO\", \"GU\"], \"correctAnswer\": \"GU\"}','image_selection',2),(479,24,'{\"options\": [\"GA\", \"GE\", \"GI\", \"GO\", \"GU\"], \"correctAnswer\": \"GE\"}','image_selection',3),(480,24,'{\"options\": [\"GA\", \"GE\", \"GI\", \"GO\", \"GU\"], \"correctAnswer\": \"GI\"}','image_selection',4),(481,24,'{\"correctAnswer\": \"GENTE\", \"image\":\"https://i.imgur.com/xPNcANK.jpeg\"}','image_writing',10),(482,24,'{\"correctAnswer\": \"GUSANO\", \"image\":\"https://i.imgur.com/J6wUpHo.jpeg\"}','image_writing',11),(483,24,'{\"correctAnswer\": \"GATO\", \"image\":\"https://i.imgur.com/AVawn1s.jpeg\"}','image_writing',12),(484,24,'{\"correctAnswer\": \"LA CANILLA GOTEABA AGUA\",\"onlyText\":\"true\"}','text_read',5),(485,24,'{\"correctAnswer\": \"EL GUSANO LEIA\",\"onlyText\":\"true\"}','text_read',6),(486,24,'{\"correctAnswer\": \"LA GENTE HACÍA RUIDO\",\"onlyText\":\"true\"}','text_read',7),(487,24,'{\"correctAnswer\": \"EL GATO SE ESCAPÓ POR LA VENTANA\",\"onlyText\":\"true\"}','text_read',8),(488,24,'{\"correctAnswer\": \"LOS GIRASOLES SALIERON\",\"onlyText\":\"true\"}','text_read',9),(489,25,'{\"options\": [\"VA\", \"VE\", \"VI\", \"VO\", \"VU\"], \"correctAnswer\": \"VA\"}','image_selection',2),(490,25,'{\"options\": [\"VA\", \"VE\", \"VI\", \"VO\", \"VU\"], \"correctAnswer\": \"VI\"}','image_selection',3),(492,25,'{\"options\": [\"VA\", \"VE\", \"VI\", \"VO\", \"VU\"], \"correctAnswer\": \"VU\"}','image_selection',4),(493,25,'{\"options\": [\"VA\", \"VE\", \"VI\", \"VO\", \"VU\"], \"correctAnswer\": \"VE\"}','image_selection',5),(494,25,'{\"correctAnswer\": \"UN VAMPIRO \",\"onlyText\":\"true\"}','text_read',6),(495,25,'{\"correctAnswer\": \"DOS VAMPIROS SE ACERCAN Y DEBEREMOS USAR AJO PARA ESPANTARLOS\",\"onlyText\":\"true\"}','text_read',7),(496,25,'{\"correctAnswer\": \"VACA\", \"image\":\"https://i.imgur.com/qQm8xrw.jpeg\"}','image_writing',8),(497,25,'{\"correctAnswer\": \"LA VACA LOLA SE FUE DE VIAJE \",\"onlyText\":\"true\"}','text_read',9),(498,25,'{\"correctAnswer\": \"LA VACA LOLA SE FUE DE EN UN VELERO PERO SE OLVIDO SU MALETA\",\"onlyText\":\"true\"}','text_read',10),(499,25,'{\"correctAnswer\": \"LAS VELAS SIRVEN CUANDO SE CORTA LA LUZ\",\"onlyText\":\"true\"}','text_read',11),(500,25,'{\"correctAnswer\": \"VASO\", \"image\":\"https://i.imgur.com/8HwEeCK.jpeg\"}','image_writing',12),(501,25,'{\"correctAnswer\": \"VELA\", \"image\":\"https://i.imgur.com/BiJX3wE.jpeg\"}','image_writing',13),(502,25,'{\"correctAnswer\": \"VAMPIRO\", \"image\": \"https://i.imgur.com/FJLJWcL.jpeg\"}','image_writing',14),(503,26,'{\"options\": [\"QUE\", \"QUI\"], \"correctAnswer\": \"QUE\"}','image_selection',2),(504,26,'{\"options\": [\"QUE\", \"QUI\"], \"correctAnswer\": \"QUI\"}','image_selection',3),(506,26,'{\"options\": [\"ESQUIVO\",\"ESQUINA\",\"ESQUELETO\",\"EQUINO\"],\"correctAnswer\": \"ESQUELETO\", \"image\":\"https://i.imgur.com/AGXUr1H.jpeg\"}','image_selection',4),(507,26,'{\"options\": [\"LE\",\"QUE\", \"TO\", \"ES\"],\"correctAnswer\": \"ESQUELETO\",\"image\":\"https://i.imgur.com/AGXUr1H.jpeg\"}','letter_ordering',5),(508,26,'{\"correctAnswer\": \"QUESO\", \"image\":\"https://i.imgur.com/Z9jNYED.jpeg\"}','image_writing',9),(509,26,'{\"correctAnswer\": \"ESPERO QUE VENGAS HOY\",\"onlyText\":\"true\"}','text_read',10),(510,26,'{\"correctAnswer\": \"QUIERO MI SOQUETE\",\"onlyText\":\"true\"}','text_read',6),(511,26,'{\"correctAnswer\": \"LA NENA TIENE QUINCE\",\"onlyText\":\"true\"}','text_read',7),(512,26,'{\"correctAnswer\": \"DIJO QUE ESTÁ EN LA ESQUINA\",\"onlyText\":\"true\"}','text_read',8),(513,27,'{\"options\": [\"ÑA\", \"ÑE\", \"ÑI\", \"ÑO\", \"ÑU\"], \"correctAnswer\": \"ÑA\"}','image_selection',1),(515,27,'{\"options\": [\"ÑA\", \"ÑE\", \"ÑI\", \"ÑO\", \"ÑU\"], \"correctAnswer\": \"ÑU\"}','image_selection',2),(518,27,'{\"options\": [\"LO\",\"PA\", \"ÑUE\"],\"correctAnswer\": \"PAÑUELO\",\"image\":\"https://i.imgur.com/r3SFX02.jpeg\"}','image_writing',8),(519,27,'{\"correctAnswer\": \"EL SEÑOR ME DIO UN PAÑUELO\",\"onlyText\":\"true\"}','text_read',9),(520,27,'{\"correctAnswer\": \"LA SEÑO ES BUENA\",\"onlyText\":\"true\"}','text_read',3),(521,27,'{\"correctAnswer\": \"EL SEÑOR ME DIO UN PAÑUELO\",\"onlyText\":\"true\"}','text_read',4),(522,27,'{\"correctAnswer\": \"LA SEÑO ENSEÑA\",\"onlyText\":\"true\"}','text_read',5),(523,27,'{\"correctAnswer\": \"A LA MAÑANA LA SEÑO NOS ENSEÑA Y AL MEDIODÍA MI MAMA ME HACE ÑOQUIS\",\"onlyText\":\"true\"}','text_read',6),(524,27,'{\"correctAnswer\": \" AL NIÑO LE GUSTA COMER ÑOQUIS\",\"onlyText\":\"true\"}','text_read',7),(525,28,'{\"options\": [\"CHA\", \"CHE\", \"CHI\", \"CHO\", \"CHU\"], \"correctAnswer\": \"CHA\"}','image_selection',1),(526,28,'{\"options\": [\"CHA\", \"CHE\", \"CHI\", \"CHO\", \"CHU\"], \"correctAnswer\": \"CHU\"}','image_selection',2),(527,28,'{\"options\": [\"CHA\", \"CHE\", \"CHI\", \"CHO\", \"CHU\"], \"correctAnswer\": \"CHE\"}','image_selection',3),(528,28,'{\"options\": [\"CHA\", \"CHE\", \"CHI\", \"CHO\", \"CHU\"], \"correctAnswer\": \"CHI\"}','image_selection',4),(530,28,'{\"options\": [\"TE\",\"CHU\", \"PE\"],\"correctAnswer\": \"CHUPETE\",\"image\":\"https://i.imgur.com/udPQhyh.jpeg\"}','letter_ordering',6),(531,28,'{\"options\": [\"CHI\",\"CHAN\", \"TO\"],\"correctAnswer\": \"CHANCHITO\",\"image\":\"https://i.imgur.com/cP7WJa4.jpeg\"}','letter_ordering',7),(532,28,'{\"options\": [\"CHOLITO\",\"CHOCLO\",\"CHOZA\",\"CHOCO\"],\"correctAnswer\": \"CHOCLO\", \"image\":\"https://i.imgur.com/FRMseYx.jpeg\"}','image_selection',8),(533,28,'{\"options\": [\"CHISME\",\"CHISMOSA\",\"CHIMENEA\",\"CHICANA\"],\"correctAnswer\": \"CHIMENEA\", \"image\":\"https://i.imgur.com/9Jm7ahc.jpeg\"}','image_selection',9),(534,29,'{\"options\": [\"XA\", \"XE\", \"XI\", \"XO\", \"XU\"], \"correctAnswer\": \"XI\"}','image_selection',1),(535,29,'{\"options\": [\"EX\", \"AX\", \"OX\"], \"correctAnswer\": \"EX\"}','image_selection',2),(536,29,'{\"options\": [\"MAXI\",\"TAXI\",\"LAXITUD\",\"EPOXI\"],\"correctAnswer\": \"TAXI\", \"image\":\"https://i.imgur.com/QBVydBK.jpeg\"}','image_selection',3),(537,29,'{\"options\": [\"XO\",\"FÓN\", \"SA\"],\"correctAnswer\": \"SAXOFÓN\",\"image\":\"https://i.imgur.com/FKA4M70.jpeg\"}','letter_ordering',4),(538,29,'{\"options\": [\"XILOMÓN\",\"XILOFÓN\",\"XIMENA\",\"XILOFONISTA\"],\"correctAnswer\": \"XILOFÓN\", \"image\":\"https://i.imgur.com/A7urIaS.jpeg\"}','image_selection',5),(539,29,'{\"options\": [\"SAXOFONISTA\",\"SEXTO\",\"SAXOFÓN\",\"EXISTA\"],\"correctAnswer\": \"SAXOFÓN\", \"image\":\"https://i.imgur.com/FKA4M70.jpeg\"}','image_selection',6),(540,30,'{\"options\": [\"GÜE\", \"GÜI\", \"GUE\", \"GUI\"], \"correctAnswer\": \"GÜE\"}','image_selection',2),(541,30,'{\"options\": [\"GÜE\", \"GÜI\", \"GUE\", \"GUI\"], \"correctAnswer\": \"GÜI\"}','image_selection',3),(544,30,'{\"options\": [\"NOS\",\"PIN\", \"GÜI\"],\"correctAnswer\": \"pingüinos\",\"image\":\"https://i.imgur.com/izPLIFp.jpeg\"}','letter_ordering',4),(545,30,'{\"options\": [\"TA\",\"RRA\", \"GUI\"],\"correctAnswer\": \"GUITARRA\",\"image\":\"https://i.imgur.com/mfL0EyY.jpeg\"}','letter_ordering',5),(546,30,'{\"correctAnswer\": \"la guitarra suena bien\",\"onlyText\":\"true\"}','text_read',6),(547,30,'{\"correctAnswer\": \"pegué figuritas en la pared\",\"onlyText\":\"true\"}','text_read',7),(548,30,'{\"correctAnswer\": \"yo jugué con tus juguetes\",\"onlyText\":\"true\"}','text_read',8),(549,30,'{\"correctAnswer\": \"quiero conocer a los pingüinos\",\"onlyText\":\"true\"}','text_read',9),(550,14,'{\"src\":\"https://www.youtube.com/embed/L6sxnjsMJaU?si=bwZc9V5NFYX_zyjL\"}','video',1),(551,15,'{\"src\":\"https://www.youtube.com/embed/gEiOHDt_hw0?si=q3z6qSqnFbwBl9pZ\"}','video',1),(552,16,'{\"src\":\"https://www.youtube.com/embed/225gkMJ2yjw?si=iGJjoAnVlV_KHP4V\"}','video',1),(553,17,'{\"src\":\"https://www.youtube.com/embed/DnElsiZP8ic?si=gMv1Iv1eYWvd0QmH\"}','video',1),(554,18,'{\"src\":\"https://www.youtube.com/embed/fxko1s0uezY?si=7aANt7N0Vmsu6Gbt\"}','video',1),(555,19,'{\"src\":\"https://www.youtube.com/embed/Q0xI3Jr51Us?si=b8b6vAXLrKXFGmk4\"}','video',1),(556,20,'{\"src\":\"https://www.youtube.com/embed/i3D4LBLjEzg?si=tAQ7low4RIfpHhnf\"}','video',1),(557,44,'{\"correctAnswer\": \"LOS ELEFANTES SON EXCELENTES NADADORES Y LOGRAN NADAR CON GRAN ESTILO PESE A TENER MÁS DE TRES TONELADAS\"}','text_read',2);
/*!40000 ALTER TABLE `exercise` ENABLE KEYS */;
UNLOCK TABLES;

--
-- Table structure for table `module`
--

DROP TABLE IF EXISTS `module`;
/*!40101 SET @saved_cs_client     = @@character_set_client */;
/*!50503 SET character_set_client = utf8mb4 */;
CREATE TABLE `module` (
  `id` int NOT NULL AUTO_INCREMENT,
  `description` varchar(40) NOT NULL,
  PRIMARY KEY (`id`)
) ENGINE=InnoDB AUTO_INCREMENT=4 DEFAULT CHARSET=utf8mb4 COLLATE=utf8mb4_0900_ai_ci;
/*!40101 SET character_set_client = @saved_cs_client */;

--
-- Dumping data for table `module`
--

LOCK TABLES `module` WRITE;
/*!40000 ALTER TABLE `module` DISABLE KEYS */;
INSERT INTO `module` VALUES (1,'Básico'),(2,'Intermedio'),(3,'Avanzado');
/*!40000 ALTER TABLE `module` ENABLE KEYS */;
UNLOCK TABLES;

--
-- Table structure for table `player`
--

DROP TABLE IF EXISTS `player`;
/*!40101 SET @saved_cs_client     = @@character_set_client */;
/*!50503 SET character_set_client = utf8mb4 */;
CREATE TABLE `player` (
  `id` int NOT NULL AUTO_INCREMENT,
  `player_name` varchar(40) NOT NULL,
  `birth_date` datetime DEFAULT NULL,
  `total_crowns` int DEFAULT '0',
  `spent_crowns` int DEFAULT '0',
  `user_id` int DEFAULT NULL,
  `recommended_module` int DEFAULT NULL,
  `alias` varchar(40) DEFAULT NULL,
  PRIMARY KEY (`id`),
  KEY `user_id` (`user_id`),
  CONSTRAINT `player_ibfk_1` FOREIGN KEY (`user_id`) REFERENCES `users` (`id`)
) ENGINE=InnoDB AUTO_INCREMENT=49 DEFAULT CHARSET=utf8mb4 COLLATE=utf8mb4_0900_ai_ci;
/*!40101 SET character_set_client = @saved_cs_client */;

--
-- Dumping data for table `player`
--

LOCK TABLES `player` WRITE;
/*!40000 ALTER TABLE `player` DISABLE KEYS */;
INSERT INTO `player` VALUES (1,'saleck\'s child','2022-06-23 00:00:00',12,6,1,NULL,'saleck80'),(2,'saleckin',NULL,0,0,37,0,'saleckin'),(3,'saleckin',NULL,0,0,38,0,'saleckin'),(4,'fafafaf',NULL,0,0,39,1,'fafafaf'),(5,'saleckin',NULL,0,0,40,0,'saleckin'),(6,'Saleckin',NULL,0,0,41,0,'Saleckin'),(7,'saleckin',NULL,0,0,42,0,'saleckin'),(8,'saleckin',NULL,0,0,43,0,'saleckin'),(9,'saleckin',NULL,0,0,44,1,'saleckin'),(10,'Saleckin',NULL,0,0,45,3,'Saleckin'),(11,'Santito',NULL,0,0,46,2,'Santito'),(12,'alelito',NULL,0,0,47,3,'alelito'),(13,'saleckin',NULL,0,0,48,3,'saleckin'),(14,'Santito',NULL,0,0,49,3,'Santito'),(15,'saleckin',NULL,0,0,50,3,'saleckin'),(16,'Milo',NULL,0,0,51,2,'Milo'),(17,'Milo',NULL,0,0,52,3,'Milo'),(18,'Teo',NULL,0,0,53,2,'Teo'),(19,'Teo',NULL,0,0,54,3,'Teo'),(20,'helena',NULL,0,0,55,3,'helena'),(21,'gruno',NULL,0,0,56,3,'gruno'),(22,'Teo',NULL,0,0,57,3,'Teo'),(23,'Teo',NULL,0,0,58,3,'Teo'),(24,'helena',NULL,0,0,59,3,'helena'),(25,'helena',NULL,0,0,60,3,'helena'),(35,'asfdgasergh','2020-12-12 00:00:00',0,0,1,NULL,'asfdgasergh'),(36,'Test',NULL,0,0,61,0,'Test'),(37,'Milo','2020-12-12 00:00:00',0,0,36,NULL,'Milo'),(38,'Tito',NULL,0,0,62,1,'Tito'),(39,'vic',NULL,0,0,63,0,'vic'),(40,'Dandj',NULL,0,0,64,0,'Dandj'),(41,'Mati',NULL,0,0,65,0,'Mati'),(42,'Lau',NULL,0,0,66,0,'Lau'),(43,'tianpro.xd',NULL,0,0,67,3,'tianpro.xd'),(44,'Santino','1998-07-27 00:00:00',0,0,62,NULL,'Santino'),(45,'santino','1999-07-27 00:00:00',0,0,62,NULL,'santino'),(46,'santi','2010-04-22 00:00:00',0,0,62,NULL,'santi'),(47,'arual',NULL,0,0,68,0,'arual'),(48,'arual','2020-07-05 00:00:00',0,0,68,NULL,'arual');
/*!40000 ALTER TABLE `player` ENABLE KEYS */;
UNLOCK TABLES;

--
-- Table structure for table `result`
--

DROP TABLE IF EXISTS `result`;
/*!40101 SET @saved_cs_client     = @@character_set_client */;
/*!50503 SET character_set_client = utf8mb4 */;
CREATE TABLE `result` (
  `my_row_id` bigint unsigned NOT NULL AUTO_INCREMENT /*!80023 INVISIBLE */,
  `player_id` int DEFAULT NULL,
  `apple_id` int DEFAULT NULL,
  `score` int DEFAULT NULL,
  PRIMARY KEY (`my_row_id`),
  KEY `player_id` (`player_id`),
  KEY `apple_id` (`apple_id`),
  CONSTRAINT `result_ibfk_1` FOREIGN KEY (`player_id`) REFERENCES `player` (`id`),
  CONSTRAINT `result_ibfk_2` FOREIGN KEY (`apple_id`) REFERENCES `apple` (`id`)
) ENGINE=InnoDB AUTO_INCREMENT=103 DEFAULT CHARSET=utf8mb4 COLLATE=utf8mb4_0900_ai_ci;
/*!40101 SET character_set_client = @saved_cs_client */;

--
-- Dumping data for table `result`
--

LOCK TABLES `result` WRITE;
/*!40000 ALTER TABLE `result` DISABLE KEYS */;
INSERT INTO `result` (`my_row_id`, `player_id`, `apple_id`, `score`) VALUES (76,1,2,3),(77,1,1,3),(78,1,3,3),(79,1,4,3),(80,1,5,3),(81,43,44,2),(82,1,7,2),(83,1,8,3),(84,1,10,3),(85,1,11,3),(86,1,12,3),(87,1,13,3),(88,1,14,3),(89,1,15,2),(90,1,16,3),(91,1,17,3),(92,1,18,2),(93,1,19,3),(94,1,21,3),(95,1,23,3),(96,1,28,3),(97,1,29,3),(98,38,1,3),(99,38,45,3),(100,38,2,3),(101,47,3,3),(102,47,4,3);
/*!40000 ALTER TABLE `result` ENABLE KEYS */;
UNLOCK TABLES;

--
-- Table structure for table `unlocked_avatar`
--

DROP TABLE IF EXISTS `unlocked_avatar`;
/*!40101 SET @saved_cs_client     = @@character_set_client */;
/*!50503 SET character_set_client = utf8mb4 */;
CREATE TABLE `unlocked_avatar` (
  `my_row_id` bigint unsigned NOT NULL AUTO_INCREMENT /*!80023 INVISIBLE */,
  `player_id` int DEFAULT NULL,
  `avatar_id` int DEFAULT NULL,
  PRIMARY KEY (`my_row_id`),
  KEY `player_id` (`player_id`),
  KEY `avatar_id` (`avatar_id`),
  CONSTRAINT `unlocked_avatar_ibfk_1` FOREIGN KEY (`player_id`) REFERENCES `player` (`id`),
  CONSTRAINT `unlocked_avatar_ibfk_2` FOREIGN KEY (`avatar_id`) REFERENCES `avatar` (`id`)
) ENGINE=InnoDB DEFAULT CHARSET=utf8mb4 COLLATE=utf8mb4_0900_ai_ci;
/*!40101 SET character_set_client = @saved_cs_client */;

--
-- Dumping data for table `unlocked_avatar`
--

LOCK TABLES `unlocked_avatar` WRITE;
/*!40000 ALTER TABLE `unlocked_avatar` DISABLE KEYS */;
/*!40000 ALTER TABLE `unlocked_avatar` ENABLE KEYS */;
UNLOCK TABLES;

--
-- Table structure for table `users`
--

DROP TABLE IF EXISTS `users`;
/*!40101 SET @saved_cs_client     = @@character_set_client */;
/*!50503 SET character_set_client = utf8mb4 */;
CREATE TABLE `users` (
  `id` int NOT NULL AUTO_INCREMENT,
  `first_name` varchar(40) NOT NULL,
  `last_name` varchar(40) NOT NULL,
  `password` varchar(200) NOT NULL,
  `email` varchar(40) NOT NULL,
  PRIMARY KEY (`id`)
) ENGINE=InnoDB AUTO_INCREMENT=69 DEFAULT CHARSET=utf8mb4 COLLATE=utf8mb4_0900_ai_ci;
/*!40101 SET character_set_client = @saved_cs_client */;

--
-- Dumping data for table `users`
--

LOCK TABLES `users` WRITE;
/*!40000 ALTER TABLE `users` DISABLE KEYS */;
INSERT INTO `users` VALUES (1,'Saleck','Gonzalez','{cJjx/lXz/a7g4aSGFLghGGpUqPGQ6YXMBT+7C3Cl45E=}b1b1c6139ebc674ffaaac67a48f64a3a8cfdf67f2c588c9f41269f5b57c0debd','saleck@lecti.com'),(36,'marcelo','Juárez','{cJjx/lXz/a7g4aSGFLghGGpUqPGQ6YXMBT+7C3Cl45E=}b1b1c6139ebc674ffaaac67a48f64a3a8cfdf67f2c588c9f41269f5b57c0debd','marcelo@lecti.com'),(37,'saleck','gonzalez','{xnrSopJDYqKcDU6IPsWOl+B1DuEy5ktqkQLaoGYGpV4=}092e6c55913feb3f51822084848de6f45f72ee00046dc44c4eb444a77b62c270','saleck1@gmail.com'),(38,'saleck','gonzalez','{LWKSTY1UkWsLt5MnDTGRUSFfoqhSqRhwcbFMgmdJ4lU=}3d0f24859c0f2056142ab1d80d55164788832e0401d0fe512b50477eee7de466','saleck2@gmail.com'),(39,'laura','iiiiiiii','{JXkcehEry1YKrTWvvQIpeJtU/9ZwEUtw5VfXwtIsBHI=}317ca4998746943bf7155e0025f86d64da4f2a0300ad8cc849de98f624c203ef','gerfman@grg.com'),(40,'saleck','gonzalez','{kMaON3UyLsosrfgw/MsyUiFEzcP/sssWnDbLt6/cLO4=}6b638d480a4872ca94a15da0a9735f7b4dcb25d429cc504a297cbd5c5040daf8','saleck4@gmail.com'),(41,'Saleck','Gonzalez','{GyWIAlKAGPo520XhHEkQMhPJNDH0H/OZUpBYipAimk8=}6a6a4a2e7b4a9fd04b5a08ce42a9d82b85653165996e9e1b3b872e85b6cb2563','saleck2@lecti.com'),(42,'saleck','gonzalez','{MVVziWagRTDjm0AkPICCi6qyHWNukEY/mzNHT91X5N4=}961463c36bc0d18787710ab3aa4150de4d05daad07b8cf522a77dcd6e6966192','saleck5@gmail.com'),(43,'saleck','gonzalez','{wY3ys5zLCKYZZpbiuVliWyrnd7xX1sAkyL/UcxliTwg=}f7a713d23e476d235a03011ed37472b7590196d2407ba3919408d60d4b03eb8e','saleck6@gmail.com'),(44,'saleck','gonzalez','{7pwXO3sdlbzKQGTlHP+kAVlPXtT1xmxRVxzx+usWKGY=}4baab7b3fab4d0b4b3c58e9c47256a1681ba5778134166c125f35ff1ce434d94','saleck7@gmail.com'),(45,'Saleck','Gonzalez','{moskUOZf7iu37YbljZS1xPnDwxGtF7nR9pv8M6L6sns=}e2ba4ffe86be6f619d9685388c4efee95f7c04317f4807744c108109be1c887a','saleck3@lecti.com'),(46,'Santiago','Fernandez Lopes','{Ad1OfQb2YIcvckw0z9Evp1JPProgvKwzY21D0vu1984=}758241bc955b06bae443eb4eac9fa2942e80555ecfa9e32517d65149d5de40e8','santifl27@gmail.com'),(47,'alejandoro','Gonzalez','{cWkcLkpj5FphwWuQzykKEhtPMjOsibgYZIKTe4cAsu8=}2f0c6e49163dcaadb43cb3fa444545a8c502d0a9b4137b7917dba8467804e938','ale@lecti.com'),(48,'saleck','gonzalez','{yrGafaiFkdAX1CQCSf5AOVpQqEnftgpm1t6cKsrd4X0=}bbaf3952c34a4c72aeb33c9c2fa2ad62c2913e97a21f08f8843a68ec86ea196e','saleck8@gmail.com'),(49,'Santi','Fernandez','{CfFLf0HKcSAV/LQswM01Et6L0DAKFczRnfopde+/QOo=}162bf0b81b8a5b9c2cb57e2c2044a0748c4abfc77e6a2172d3a9ca34fe99eac8','santi@gmail.com'),(50,'Alejandro','saleck@lecti.com','{It612eZZqAEhoMVPBjkhnv19HlAxiVHLn94rldUHxMQ=}2ab321ef4de3b5d13364f82420b562714b15e72c460bfc471df1952b2b648854','saleck9@lecti.com'),(51,'Alejandro','Gonzalez','{IwUeNsJ5trxLHQvpf+f4a0AMaC6NaomJWdmrojLHjss=}f17cea27668c10e85348ef12edb296b56a51acd30dcb45859e15e53254b0c9fe','saleck25@gmail.com'),(52,'Alejandro','Gonzalez','{y/bkkddBbZ9w3BIBT7fjDaEOKn/G+dvnx+jh580R4QY=}236e9cecee44f6d1f9ec069a826c176cf13d7e74d06f317cb6ca0e3caa20dca0','sle@lecti.com'),(53,'Alejandro','Gonzalez','{MLvNVVsdi3L21V2gh9OFmt5imTNVx7CVE/ydJr9Ek/g=}9d3e2787c3b9c9e7d2cc41907df21dba3a0bff5d8038b056f19562f0dedb35ee','saleck@gmail.com'),(54,'Tomas','Arce','{cVKUl7xgJoovsSaCLm7SJIYif2J+TkPgc3UllgCXW7w=}839f59b12661c173ffe77d47ac4790ff5db6e8cd0ebd20647a2138444fba0904','Tomas@lecti.com'),(55,'laura','iiiiiiii','{KwY1enjdB/j9Ntpt2mrpOko3ygkYlt+1SWhLzjInEDk=}80e4753148947c7e9a0fdb2cf1b73e7a97e3e12e020bbade32bbdfd926c9a602','gerfmanjjjj@grg.com'),(56,'laura','iiiiiiii','{mrWxk2X482eomxtPqSLzhWTJKqTTzIMOv6QRGJ8iXJM=}6244f81c7c9fb739972a50e87ed05d761dc353bc0447648ec107a638a2459b30','gerfmanz@grg.com'),(57,'Tomas','Arce','{px17mc19udTXdaE2jEoqV4M+ugz0Yy2oAzluvs/CUOg=}d7b2186ed062b3e116b994130989c704417bdab338c824c7b51d0aaa0def9521','saleck1@lecti.com'),(58,'Tomas','Arce','{UkzeZpUZsg2rmjfvw5Nkn+VzqxuSIhrAzZtd/xtAgsA=}a6513b3ab5d3f721cfbaad07fa43c1b102c9b3a5adecb792fdf682567cf3c4a6','saleck4@lecti.com'),(59,'Pedro','Pícapiedra','{UZA6XzCb+GAf69vzk+DUBNI3luJrX/bEkllyoP5Qb44=}4a6b0495f28627c0595631b30cbc1e961e81152506be0f9678002f266c5d4bb6','germanyyy@grg.com'),(60,'Pedro','Paramo','{Ek7vJTpdzbFNsAjYovBHsfYYU3c/A0SYiSnfxewtD1A=}b3ac94918002088e2bb518b5b92532da0f839579d523803c0b0b04a5c7b8a1dc','germanyata@grg.com'),(61,'Test','Test','{Qm8s+oCLO2KS9bZ1FZtKRAFJrGfgKXANFS9qAYDhVew=}16b3faaf119704bb2008211e269c1542dc26c3df6c95122bd3b08525201d9b1f','Test@gmail.com'),(62,'Santi','Fernandez','{ro293DzXx05n6vJQ9NQU93+NtOWd4oxLqDkykmKKzmg=}93e0e3432e491306eca31c09d415205421ee23d6e84feb6f9d8856cbf8fb0c82','santi@lecti.com'),(63,'tuvieja','soy','{zeqPgHkdEN08R071KTP2eHaZC5gAMFmGrLvqN9JXKA4=}f5c4ee2c8d5b3a73df9431fa37fdddf3ccd38c7bfb49f3598e81e1f9e4a34cfd','test@test.com'),(64,'Tomas','Dantones','{c9P0qMfzgG41a5QaGl/rVaj2fraxzUBqmkeG2XtxdiI=}760c521c6672ad7ee1e91f36ac8e419835256b6e4feecf2b7ae35d6067951a37','tomasdantones10@gmail.com'),(65,'Sebastian','Tofano','{7hF2OG4wOS2Qg0ZALPlVQbMDIPlsPVqEfQz8kxVbwzY=}9fd1938e9c1b67bdff3011848af94e4f59a081a65d64060ae24c9023948703b9','sebastiantofano@gmail.com'),(66,'Laura Giselle','Martinez','{RVAUL90OSP+mD8KsUgf0MbaJoQXbGPcHsMWpNn4oivo=}edc4f92dde368147a73cce3256430f047e92c6b1fcb0a81bfc7d9501ae5168b0','lauragisellemz@hotmail.com'),(67,'MARIA SOL LEE','LEE','{+BLjGeV9Y/SR5cXxmWOy8xCSQtbUVfmbJCCzG7Utkqw=}5a62f80e03d3bf0e30c4932e7e9b1e980a32b9b7757def30996bd36e368b2111','arquitectalee@gmail.com'),(68,'lauris','fafafa','{GiLTcdHOUJuK9IyjA9YZTbeaVrmB7hhvkVzsXJEKKJ4=}a0ab42d6848edb42055a4e136e476993afa25e9003c885079d6b569a54e9e458','lauragisellemz@gmail.com');
/*!40000 ALTER TABLE `users` ENABLE KEYS */;
UNLOCK TABLES;
/*!40103 SET TIME_ZONE=@OLD_TIME_ZONE */;

/*!40101 SET SQL_MODE=@OLD_SQL_MODE */;
/*!40014 SET FOREIGN_KEY_CHECKS=@OLD_FOREIGN_KEY_CHECKS */;
/*!40014 SET UNIQUE_CHECKS=@OLD_UNIQUE_CHECKS */;
/*!40101 SET CHARACTER_SET_CLIENT=@OLD_CHARACTER_SET_CLIENT */;
/*!40101 SET CHARACTER_SET_RESULTS=@OLD_CHARACTER_SET_RESULTS */;
/*!40101 SET COLLATION_CONNECTION=@OLD_COLLATION_CONNECTION */;
/*!40111 SET SQL_NOTES=@OLD_SQL_NOTES */;

-- Dump completed on 2024-07-04  0:39:48
